[
  {
    "name": "sessionid",
    "value": "COLOQUE_SEU_SESSIONID_AQUI",
    "domain": ".instagram.com",
    "path": "/",
    "expires": 1735689600,
    "httpOnly": true,
    "secure": true
  },
  {
    "name": "csrftoken",
    "value": "COLOQUE_SEU_CSRFTOKEN_AQUI",
    "domain": ".instagram.com",
    "path": "/",
    "expires": 1735689600,
    "httpOnly": false,
    "secure": true
  },
  {
    "name": "ds_user_id",
    "value": "COLOQUE_SEU_USER_ID_AQUI",
    "domain": ".instagram.com",
    "path": "/",
    "expires": 1735689600,
    "httpOnly": false,
    "secure": true
  }
]
